SYMBOL,NAME_OF_COMPANY,SERIES,DATE_OF_LISTING,PAID_UP_VALUE,ISIN_NUMBER,FACE_VALUE,
SIMCA,Simca Advertising Limited,ST,15-May-26,10,INE1K4J01018,10,
VALUE360,Value 360 Communications Limited,ST,11-May-26,10,INE1E7Y01018,10,
AMBAAUTO,Amba Auto Sales and Services Limited,ST,05-May-26,10,INE293601014,10,
ADISOFT,Adisoft Technologies Limited,SM,30-Apr-26,10,INE20PL01012,10,
VIVIDEL,Vivid Electromech Limited,SM,07-Apr-26,10,INE24H301028,10,
APSISAERO,Apsis Aerocom Limited,ST,18-Mar-26,10,INE1OOJ01011,10,
SPCON,Srinibas Pradhan Constructions Limited,SM,13-Mar-26,10,INE0TPJ01019,10,
ACETEC,Acetech E-Commerce Limited,SM,09-Mar-26,10,INE1J6M01010,10,
STRIDERS,Striders Impex Limited,SM,06-Mar-26,10,INE1XWN01017,10,
YAAP,Yaap Digital Limited,ST,05-Mar-26,10,INE0U0J01015,10,
MOBILISE,Mobilise App Lab Limited,ST,02-Mar-26,10,INE1YNB01019,10,
MANILAM,Manilam Industries India Limited,SM,27-Feb-26,10,INE1ERK01013,10,
MARUSHIKA,Marushika Technology Limited,SM,19-Feb-26,10,INE0X7G01013,10,
BIOPOL,Biopol Chemicals Limited,SM,13-Feb-26,10,INE0XW001014,10,
BRANDMAN,Brandman Retail Limited,ST,11-Feb-26,10,INE0XUD01014,10,
GJL,Grover Jewells Limited,ST,11-Feb-26,10,INE1TY801010,10,
CKKRETAIL,C K K Retail Mart Limited,ST,06-Feb-26,10,INE0SMX01019,10,
KRMAYURVED,KRM Ayurveda Limited,ST,29-Jan-26,10,INE1MTV01019,10,
ARMOUR,Armour Security (India) Limited,SM,22-Jan-26,10,INE0TZX01019,10,
AVANA,Avana Electrosystems Limited,ST,20-Jan-26,10,INE1KU201016,10,
VICTORYEV,Victory Electric Vehicles International Limited,SM,14-Jan-26,5,INE0F8901022,5,
E2ERAIL,E To E Transportation Infrastructure Limited,ST,02-Jan-26,10,INE1CEJ01017,10,
DHARARAIL,Dhara Rail Projects Limited,SM,31-Dec-25,10,INE2HJL01019,10,
SHYAMDHANI,Shyam Dhani Industries Limited,SM,30-Dec-25,10,INE1CRP01016,10,
EPWINDIA,EPW India Limited,ST,30-Dec-25,5,INE1KEC01023,5,
SOCL,Sundrex Oil Company Limited,ST,30-Dec-25,10,INE0CTB01014,10,
MARC,Marc Technocrats Limited,ST,24-Dec-25,10,INE0TD401015,10,
EXIMROUTES,Exim Routes Limited,SM,19-Dec-25,5,INE19I001020,5,
ASHWINI,Ashwini Container Movers Limited,SM,19-Dec-25,10,INE1A6Q01010,10,
ENCOMPAS,Encompass Design India Limited,SM,12-Dec-25,10,INE433T01015,10,
FWSTC,Flywings Simulator Training Centre Limited,SM,12-Dec-25,10,INE0SQZ01015,10,
SHRIKANHA,Shri Kanha Stainless Limited,ST,10-Dec-25,10,INE1V4601019,10,
NEOCHEM,Neochem Bio Solutions Limited,SM,09-Dec-25,10,INE21UM01018,10,
INVICTA,Invicta Diagnostic Limited,ST,08-Dec-25,10,INE0XJ501010,10,
SPEB,Speb Adhesives Limited,SM,08-Dec-25,10,INE1CW901027,10,
CSSL,Clear Secured Services Limited,SM,08-Dec-25,10,INE1EF801010,10,
CURIS,Curis Lifesciences Limited,SM,14-Nov-25,10,INE1BZN01016,10,
FINBUD,Finbud Financial Services Limited,SM,13-Nov-25,10,INE0EDU01014,10,
SHETHJI,Shreeji Global FMCG Limited,SM,12-Nov-25,10,INE1FL101016,10,
JAYESH,Jayesh Logistics Limited,SM,03-Nov-25,10,INE1AE401014,10,
GREENLEAF,Greenleaf Envirotech Limited,SM,09-Oct-25,10,INE0PLX01017,10,
BAGDIGITAL,B.A.G. Convergence Limited,SM,08-Oct-25,10,INE17CQ01015,10,
MUNISH,Munish Forge Limited,ST,08-Oct-25,10,INE1K8Y01018,10,
SHEEL,Sheel Biotech Limited,SM,08-Oct-25,10,INE0YJV01017,10,
VIJAYPD,Vijaypd Ceutical Limited,ST,07-Oct-25,10,INE0WL901019,10,
SUBAHOTELS,Suba Hotels Limited,SM,07-Oct-25,10,INE0RYR01018,10,
MPEL,Manas Polymers and Energies Limited,SM,06-Oct-25,10,INE0U4H01011,10,
GURUNANAK,Gurunanak Agriculture India Limited,ST,01-Oct-25,10,INE1CCX01012,10,
MGSL,Matrix Geo Solutions Limited,SM,30-Sep-25,10,INE132901013,10,
ECOLINE,Ecoline Exim Limited,SM,30-Sep-25,10,INE0VBS01016,10,
PRIMECAB,Prime Cable Industries Limited,ST,29-Sep-25,5,INE0CQA01020,5,
SIDDHICOTS,Siddhi Cotspin Limited,ST,26-Sep-25,10,INE0SVO01019,10,
TECHD,TechD Cybersecurity Limited,SM,22-Sep-25,10,INE0Y5H01014,10,
GML,Galaxy Medicare Limited,SM,17-Sep-25,10,INE09A801015,10,
TAURIAN,Taurian MPS Limited,SM,16-Sep-25,10,INE0XWS01018,10,
VIGOR,Vigor Plast India Limited,SM,12-Sep-25,10,INE1DM601016,10,
OPTIVALUE,Optivalue Tek Consulting Limited,SM,10-Sep-25,10,INE15B101011,10,
SNEHAA,Snehaa Organics Limited,ST,05-Sep-25,10,INE1OIC01018,10,
CURRENT,Current Infraprojects Limited,SM,03-Sep-25,10,INE1CRQ01014,10,
SATTVAENGG,Sattva Engineering Construction Limited,SM,03-Sep-25,10,INE14DW01018,10,
ANONDITA,Anondita Medicare Limited,SM,01-Sep-25,10,INE0VTV01012,10,
CLASSICEIL,Classic Electrodes (India) Limited,ST,01-Sep-25,10,INE0UQ601012,10,
SHIVASHRIT,Shivashrit Foods Limited,SM,01-Sep-25,10,INE1DLF01018,10,
ARCIIL,ARC Insulation & Insulators Limited,ST,29-Aug-25,10,INE0YDV01010,10,
STUDIOLSD,Studio LSD Limited,ST,25-Aug-25,2,INE17VO01028,2,
MRIL,Mahendra Realtors & Infrastructure Limited,SM,20-Aug-25,10,INE632Q01018,10,
MEDISTEP,Medistep Healthcare Limited,ST,18-Aug-25,10,INE0UOY01019,10,
AMCL,ANB Metal Cast Limited,SM,18-Aug-25,10,INE0VG001016,10,
CONNPLEX,Connplex Cinemas Limited,SM,14-Aug-25,10,INE0EAS01014,10,
SAWALIYA,Sawaliya Food Products Limited,SM,14-Aug-25,10,INE10VS01016,10,
AARADHYA,Aaradhya Disposal Industries Limited,SM,11-Aug-25,10,INE124401014,10,
PARTH,Parth Electricals & Engineering Limited,ST,11-Aug-25,10,INE1H7V01011,10,
JYOTIGLOBL,Jyoti Global Plast Limited,ST,11-Aug-25,10,INE1M3T01017,10,
BHADORA,Bhadora Industries Limited,SM,11-Aug-25,10,INE0ZRC01017,10,
FLYSBS,FlySBS Aviation Limited,SM,08-Aug-25,10,INE0VCK01011,10,
CUDML,Cash Ur Drive Marketing Limited,SM,07-Aug-25,10,INE0WL201014,10,
RNPL,Renol Polychem Limited,SM,07-Aug-25,10,INE0VZX01015,10,
KAYTEX,Kaytex Fabrics Limited,SM,05-Aug-25,10,INE13ZD01013,10,
SELLOWRAP,Sellowrap Industries Limited,SM,01-Aug-25,10,INE0IJF01013,10,
TSC,TSC India Limited,SM,30-Jul-25,10,INE16VK01010,10,
SAVY,Savy Infra and Logistics Limited,SM,28-Jul-25,10,INE0UCN01017,10,
SPUNWEB,Spunweb Nonwoven Limited,SM,21-Jul-25,10,INE19QH01010,10,
SMARTEN,Smarten Power Systems Limited,SM,14-Jul-25,10,INE14GK01016,10,
WHITEFORCE,Happy Square Outsourcing Services Limited,ST,10-Jul-25,10,INE0TLP01015,10,
ETL,Emkay Tools Limited,SM,08-Jul-25,1,INE0PXC01024,1,
CEDAAR,Cedaar Textile Limited,SM,07-Jul-25,10,INE11J101017,10,
SILKY,Silky Overseas Limited,SM,07-Jul-25,10,INE0SN801015,10,
PUSHPA,Pushpa Jewellers Limited,SM,07-Jul-25,10,INE154801018,10,
PROFX,Pro FX Tech Limited,SM,03-Jul-25,10,INE0VJT01017,10,
MMEL,Moving Media Entertainment Limited,SM,03-Jul-25,10,INE0XM301010,10,
RTL,Rama Telecom Limited,ST,02-Jul-25,10,INE14W901010,10,
SUNTECH,Suntech Infra Solutions Limited,SM,02-Jul-25,10,INE0SGZ01016,10,
SHKSIL,Shri Hare-Krishna Sponge Iron Limited,SM,01-Jul-25,10,INE0NON01025,10,
AAKAAR,Aakaar Medical Technologies Limited,ST,27-Jun-25,10,INE1GYP01013,10,
MAYASHEEL,Mayasheel Ventures Limited,SM,27-Jun-25,10,INE0ZTO01018,10,
SAFEENTP,Safe Enterprises Retail Fixtures Limited,SM,27-Jun-25,5,INE17D601016,5,
INFLUX,Influx Healthtech Limited,SM,25-Jun-25,10,INE0MYZ01012,10,
EEPL,Eppeltone Engineers Limited,SM,24-Jun-25,10,INE11HF01010,10,
SAMAY,Samay Project Services Limited,SM,23-Jun-25,10,INE124101010,10,
PATILAUTOM,Patil Automation Limited,ST,23-Jun-25,10,INE17GV01016,10,
MONOLITH,Monolithisch India Limited,SM,19-Jun-25,10,INE1DV401010,10,
JAINIK,Jainik Power Cables Limited,SM,17-Jun-25,10,INE0XIL01012,10,
SACHEEROME,Sacheerome Limited,SM,16-Jun-25,10,INE1ARD01016,10,
GANGABATH,Ganga Bath Fittings Limited,ST,11-Jun-25,10,INE0ZI101018,10,
NRVANDANA,N R Vandana Tex Industries Limited,SM,04-Jun-25,10,INE104101014,10,
NEPTUNE,Neptune Petrochemicals Limited,ST,04-Jun-25,10,INE156901014,10,
NIKITA,NIKITA GREENTECH RECYCLING LIMITED,SM,03-Jun-25,10,INE0FLF01015,10,
BLUEWATER,Blue Water Logistics Limited,ST,03-Jun-25,10,INE0X3M01010,10,
DCCL,Dar Credit & Capital Limited,SM,28-May-25,10,INE04Q901010,10,
ACCPL,Accretion Pharmaceuticals Limited,ST,21-May-25,10,INE0T8T01010,10,
INTEGRITY,Integrity Infrabuild Developers Limited,SM,20-May-25,10,INE0YSH01017,10,
VGINFOTECH,Virtual Galaxy Infotech Limited,SM,19-May-25,10,INE0VRH01015,10,
ARUNAYA,Arunaya Organics Limited,SM,07-May-25,10,INE0TTG01017,10,
IWARE,Iware Supplychain Services Limited,ST,06-May-25,10,INE1AII01014,10,
TANKUP,Tankup Engineers Limited,SM,30-Apr-25,10,INE0Z7N01017,10,
SHRIAHIMSA,Shri Ahimsa Naturals Limited,SM,02-Apr-25,10,INE0DM401012,10,
ATCENERGY,ATC Energies System Limited,ST,02-Apr-25,10,INE0V0Q01019,10,
RAPIDFLEET,Rapid Fleet Management Services Limited,SM,28-Mar-25,10,INE0QX901013,10,
ACTIVEINFR,Active Infrastructures Limited,SM,28-Mar-25,5,INE0KLO01025,5,
GCHOTELS,Grand Continent Hotels Limited,SM,27-Mar-25,10,INE12E301017,10,
DIVINEHIRA,Divine Hira Jewellers Limited,ST,24-Mar-25,10,INE0NA501011,10,
BALAJIPHOS,Balaji Phosphates Limited,SM,07-Mar-25,10,INE0PQ601019,10,
HPTL,HP Telecom India Limited,SM,28-Feb-25,10,INE0VA601019,10,
ROYALARC,Royal Arc Electrodes Limited,SM,24-Feb-25,10,INE0EO401019,10,
TEJASCARGO,Tejas Cargo India Limited,SM,24-Feb-25,10,INE17WC01013,10,
VOLERCAR,Voler Car Limited,SM,19-Feb-25,10,INE241X01014,10,
PSRAJ,P S Raj Steels Limited,SM,19-Feb-25,10,INE0XUS01012,10,
MAXVOLT,Maxvolt Energy Industries Limited,ST,19-Feb-25,10,INE10A501018,10,
CHANDAN,Chandan Healthcare Limited,SM,17-Feb-25,10,INE0B2N01016,10,
ELGNZ,Eleganz Interiors Limited,SM,14-Feb-25,10,INE0R9101015,10,
READYMIX,Readymix Construction Machinery Limited,SM,13-Feb-25,10,INE10QL01011,10,
KEN,Ken Enterprises Limited,SM,12-Feb-25,10,INE15DO01012,10,
CHAMUNDA,Chamunda Electrical Limited,SM,11-Feb-25,10,INE11HG01018,10,
REXPRO,Rexpro Enterprises Limited,SM,29-Jan-25,10,INE113601012,10,
EMAPARTNER,EMA Partners India Limited,SM,24-Jan-25,5,INE0ZOL01023,5,
KKJEWELS,Kabra Jewels Limited,SM,22-Jan-25,10,INE0XOW01017,10,
BARFLEX,Barflex Polyfilms Limited,SM,20-Jan-25,10,INE0QX401014,10,
SATKARTAR,Sat Kartar Life Limited,ST,17-Jan-25,10,INE0NB801022,10,
DELTIC,Delta Autocorp Limited,ST,14-Jan-25,10,INE0XRN01019,10,
ANYA,Anya Polytech & Fertilizers Limited,SM,02-Jan-25,2,INE0SI601032,2,
NMSTEEL,Newmalayalam Steel Limited,SM,27-Dec-24,10,INE0TP801012,10,
IDENTICAL,Identical Brains Studios Limited,ST,26-Dec-24,10,INE0TD101011,10,
PURPLEUTED,Purple United Sales Limited,SM,18-Dec-24,10,INE0P5R01014,10,
SFML,Supreme Facility Management Limited,SM,18-Dec-24,10,INE0U6N01014,10,
DHANLAXMI,Dhanlaxmi Crop Science Limited,SM,16-Dec-24,10,INE0V9V01010,10,
ETML,Emerald Tyre Manufacturers Limited,SM,12-Dec-24,10,INE0RHD01013,10,
GANESHIN,Ganesh Infraworld Limited,ST,06-Dec-24,5,INE0TVT01024,5,
AGARWALTUF,Agarwal Toughened Glass India Limited,SM,05-Dec-24,10,INE0P8X01016,10,
ABHAPOWER,Abha Power and Steel Limited,SM,04-Dec-24,10,INE0UYG01015,10,
APEXECO,Apex Ecotech Limited,ST,04-Dec-24,10,INE0T4V01015,10,
RAJPUTANA,Rajputana Biodiesel Limited,SM,03-Dec-24,10,INE0VHU01019,10,
C2C,C2C Advanced Systems Limited,SM,03-Dec-24,10,INE0U7V01015,10,
ITTL,Innovative Tyres & Tubes Limited,ST,02-Dec-24,10,INE070Y01023,10,
LAMOSAIC,Lamosaic India Limited,SM,29-Nov-24,10,INE0R0201012,10,
ONYX,Onyx Biotec Limited,SM,22-Nov-24,10,INE0WVU01018,10,
NEELAM,Neelam Linens and Garments (India) Limited,SM,18-Nov-24,10,INE0N1401016,10,
USHAFIN,Usha Financial Services Limited,SM,31-Oct-24,10,INE0LS001014,10,
OBSCP,OBSC Perfection Limited,SM,29-Oct-24,10,INE0YHV01011,10,
DANISH,Danish Power Limited,SM,29-Oct-24,10,INE0YU901016,10,
UHTL,United Heat Transfer Limited,SM,29-Oct-24,10,INE0SMR01011,10,
PREMIUM,Premium Plast Limited,SM,28-Oct-24,10,INE0M1F01011,10,
FRESHARA,Freshara Agro Exports Limited,ST,24-Oct-24,10,INE0SFW01015,10,
LAKSHYA,Lakshya Powertech Limited,ST,23-Oct-24,10,INE0VZS01015,10,
PRANIK,Pranik Logistics Limited,SM,17-Oct-24,10,INE0VJG01014,10,
PARAMOUNT,Paramount Dye Tec Limited,SM,08-Oct-24,10,INE0TG801013,10,
SAJHOTELS,Saj Hotels Limited,SM,07-Oct-24,10,INE00MT01022,10,
HVAX,HVAX Technologies Limited,SM,07-Oct-24,10,INE0TO501019,10,
DIVYADHAN,Divyadhan Recycling Industries Limited,ST,04-Oct-24,10,INE0QYI01019,10,
SAHASRA,Sahasra Electronic Solutions Limited,SM,04-Oct-24,10,INE0RBQ01018,10,
FORGEAUTO,Forge Auto International Limited,SM,04-Oct-24,10,INE0YKW01013,10,
THESL,Thinking Hats Entertainment Solutions Limited,SM,03-Oct-24,10,INE0SHE01019,10,
TECHERA,TechEra Engineering (India) Limited,SM,03-Oct-24,10,INE0JQS01019,10,
UNILEX,Unilex Colours and Chemicals Limited,SM,03-Oct-24,10,INE0B2801011,10,
WOL3D,Wol 3D India Limited,SM,30-Sep-24,10,INE0OO201011,10,
RAPPID,Rappid Valves (India) Limited,SM,30-Sep-24,10,INE0MVO01012,10,
AVIANSH,Avi Ansh Textile Limited,SM,27-Sep-24,10,INE0TFB01017,10,
BIKEWO,Bikewo Green Tech Limited,SM,27-Sep-24,10,INE0SQH01013,10,
SDREAMS,S D Retail Limited,SM,27-Sep-24,10,INE0X6F01017,10,
PHOGLOBAL,Phoenix Overseas Limited,SM,27-Sep-24,10,INE0FPO01018,10,
KALANA,Kalana Ispat Limited,ST,26-Sep-24,10,INE0T0L01014,10,
PSFL,Paramount Speciality Forgings Limited,SM,25-Sep-24,10,INE0Q6001012,10,
PELATRO,Pelatro Limited,SM,24-Sep-24,10,INE0VG601013,10,
OSELDEVICE,Osel Devices Limited,SM,24-Sep-24,10,INE0RMF01018,10,
DECCANTRAN,Deccan Transcon Leasing Limited,SM,24-Sep-24,10,INE0S7C01019,10,
ENVIRO,Envirotech Systems Limited,SM,24-Sep-24,10,INE0SUH01015,10,
EXCELLENT,Excellent Wires and Packaging Limited,ST,19-Sep-24,10,INE0Y4801011,10,
INNOMET,Innomet Advanced Materials Limited,ST,18-Sep-24,10,INE0S1D01010,10,
SPPPOLY,SPP Polymer Limited,SM,17-Sep-24,10,INE0QR801013,10,
SHUBHSHREE,Shubhshree Biofuels Energy Limited,SM,16-Sep-24,10,INE0UL701015,10,
GAJANAND,Gajanand International Limited,SM,16-Sep-24,10,INE0QTE01018,10,
AUSL,Aditya Ultra Steel Limited,SM,16-Sep-24,10,INE01YQ01013,10,
VIESL,Vision Infra Equipment Solutions Limited,SM,13-Sep-24,10,INE0TR001017,10,
MYMUDRA,My Mudra Fincorp Limited,SM,12-Sep-24,10,INE0RVQ01016,10,
NAMOEWASTE,Namo eWaste Management Limited,SM,11-Sep-24,10,INE08NZ01012,10,
JEYYAM,Jeyyam Global Foods Limited,SM,09-Sep-24,5,INE0RXB01022,5,
BOSS,Boss Packaging Solutions Limited,SM,06-Sep-24,10,INE0QNI01012,10,
PARAMATRIX,Paramatrix Technologies Limited,SM,04-Sep-24,10,INE0S2W01018,10,
AERON,Aeron Composite Limited,SM,04-Sep-24,10,INE0WL801011,10,
VDEAL,Vdeal System Limited,SM,03-Sep-24,10,INE0U2M01015,10,
IPHL,Indian Phosphate Limited,SM,03-Sep-24,10,INE0DHF01018,10,
JAYBEE,Jay Bee Laminations Limited,ST,03-Sep-24,10,INE0SMY01017,10,
QVCEL,QVC Exports Limited,SM,28-Aug-24,10,INE0KZF01015,10,
IDEALTECHO,Ideal Technoplast Industries Limited,SM,28-Aug-24,10,INE0T9I01011,10,
FORCAS,Forcas Studio Limited,SM,26-Aug-24,10,INE0U2501017,10,
BRACEPORT,Brace Port Logistics Limited,SM,26-Aug-24,10,INE0R4Z01018,10,
BALCO,Solve Plastic Products Limited,ST,21-Aug-24,10,INE0U0201016,10,
POSITRON,Positron Energy Limited,ST,20-Aug-24,10,INE0S3H01017,10,
SUNLITE,Sunlite Recycling Industries Limited,ST,20-Aug-24,10,INE0U2N01013,10,
AESTHETIK,Aesthetik Engineers Limited,SM,16-Aug-24,10,INE0TSF01011,10,
PPSL,Picturepost Studios Limited,ST,09-Aug-24,1,INE0YAL01017,1,
DHARIWAL,Dhariwalcorp Limited,SM,08-Aug-24,2,INE0YRN01025,2,
UTSSAV,Utssav CZ Gold Jewels Limited,SM,07-Aug-24,10,INE06IJ01010,10,
ASHALOG,Ashapura Logistics Limited,SM,06-Aug-24,10,INE0LAA01017,10,
SSEGL,Sathlokhar Synergys E&C Global Limited,SM,06-Aug-24,10,INE0RFP01011,10,
RAJINDLTD,Rajputana Industries Limited,SM,06-Aug-24,10,INE0PCU01012,10,
BULKCORP,Bulkcorp International Limited,SM,06-Aug-24,10,INE0SZ301012,10,
SATECH,S A Tech Software India Limited,ST,02-Aug-24,10,INE0BSN01013,10,
ESPRIT,Esprit Stones Limited,SM,02-Aug-24,10,INE0SBP01018,10,
APRAMEYA,Aprameya Engineering Limited,SM,01-Aug-24,10,INE0LQG01010,10,
TROM,Trom Industries Limited,ST,01-Aug-24,10,INE0SYV01018,10,
CHETANA,Chetana Education Limited,ST,31-Jul-24,10,INE0U1T01012,10,
MIEL,Manglam Infra & Engineering Limited,SM,31-Jul-24,10,INE0R3101011,10,
VLINFRA,V.L.Infraprojects Limited,ST,30-Jul-24,10,INE0QXL01015,10,
RNFI,RNFI Services Limited,SM,29-Jul-24,10,INE0SA001017,10,
KATARIA,Kataria Industries Limited,SM,24-Jul-24,10,INE0SVY01018,10,
MACOBSTECH,Macobs Technologies Limited,SM,24-Jul-24,10,INE0R0J01010,10,
TUNWAL,Tunwal E-Motors Limited,SM,23-Jul-24,2,INE0OXV01027,2,
SATIPOLY,Sati Poly Plast Limited,SM,22-Jul-24,10,INE0RPM01017,10,
PRIZOR,Prizor Viztech Limited,ST,22-Jul-24,10,INE0V9N01017,10,
SAHAJSOLAR,Sahaj Solar Limited,SM,19-Jul-24,10,INE0P4701011,10,
GGBL,Ganesh Green Bharat Limited,SM,12-Jul-24,10,INE0R8C01018,10,
EFFWA,Effwa Infra & Research Limited,SM,12-Jul-24,10,INE0U9101019,10,
AMBEY,Ambey Laboratories Limited,ST,11-Jul-24,10,INE0M3I01029,10,
NEPHROCARE,Nephro Care India Limited,SM,05-Jul-24,10,INE0SUN01013,10,
DTL,Diensten Tech Limited,SM,03-Jul-24,10,INE0JRD01019,10,
DPEL,Divine Power Energy Limited,SM,02-Jul-24,10,INE0SCO01019,10,
PCCL,Petro Carbon and Chemicals Limited,SM,02-Jul-24,10,INE998U01015,10,
AKIKO,Akiko Global Services Limited,ST,02-Jul-24,10,INE0PMR01017,10,
MASON,Mason Infratech Limited,SM,01-Jul-24,10,INE0SH001010,10,
SYLVANPLY,Sylvan Plyboard (India) Limited,SM,01-Jul-24,10,INE01IH01015,10,
SPCL,Shivalic Power Control Limited,SM,01-Jul-24,10,INE0T7B01010,10,
VISAMAN,Visaman Global Sales Limited,ST,01-Jul-24,10,INE0BHK01012,10,
MEDIORG,Medicamen Organics Limited,SM,28-Jun-24,10,INE0PE401018,10,
WINNY,Winny Immigration & Education Services Limited,SM,27-Jun-24,10,INE0S9101013,10,
FALCONTECH,Falcon Technoprojects India Limited,SM,26-Jun-24,10,INE0PQK01013,10,
DURLAX,Durlax Top Surface Limited,ST,26-Jun-24,10,INE0OUW01013,10,
GPECO,GP Eco Solutions India Limited,SM,24-Jun-24,10,INE0S7E01015,10,
TBI,TBI Corn Limited,SM,07-Jun-24,10,INE0N2D01013,10,
AIMTRON,Aimtron Electronics Limited,SM,06-Jun-24,10,INE0RUV01018,10,
ZTECH,Z-Tech (India) Limited,SM,05-Jun-24,10,INE0ISZ01012,10,
BEACON,Beacon Trusteeship Limited,SM,04-Jun-24,10,INE639X01027,10,
VILAS,Vilas Transcore Limited,SM,03-Jun-24,10,INE0AZY01017,10,
GSMFOILS,GSM Foils Limited,SM,31-May-24,10,INE0SQY01018,10,
HOACFOODS,Hoac Foods India Limited,SM,24-May-24,10,INE0S6S01017,10,
RULKA,Rulka Electricals Limited,SM,24-May-24,10,INE0R7301013,10,
QUESTLAB,Quest Laboratories Limited,ST,23-May-24,10,INE0TNW01017,10,
IEML,Indian Emulsifiers Limited,SM,22-May-24,10,INE0RRU01016,10,
MANDEEP,Mandeep Auto Industries Limited,SM,21-May-24,10,INE0R3T01013,10,
VERITAAS,Veritaas Advertising Limited,SM,21-May-24,10,INE0SRI01019,10,
ABSMARINE,ABS Marine Services Limited,SM,21-May-24,10,INE0QRV01016,10,
PRLIND,Premier Roadlines Limited,SM,17-May-24,10,INE0CFG01012,10,
EMMIL,Energy Mission Machineries (India) Limited,SM,16-May-24,10,INE0S1L01013,10,
SILKFLEX,Silkflex Polymers (India) Limited,ST,15-May-24,10,INE0STN01015,10,
REFRACTORY,Refractory Shapes Limited,SM,14-May-24,10,INE0TNX01015,10,
WINSOL,Winsol Engineers Limited,SM,14-May-24,10,INE0S3D01016,10,
SLONE,Slone Infosystems Limited,SM,10-May-24,10,INE0SMA01017,10,
RBS,Ramdevbaba Solvent Limited,ST,23-Apr-24,10,INE0RJH01010,10,
BIRDYS,Grill Splendour Services Limited,ST,23-Apr-24,10,INE0PC901019,10,
DCG,DCG Cables & Wires Limited,SM,16-Apr-24,10,INE0S8401018,10,
TGL,Teerth Gopicon Limited,ST,16-Apr-24,10,INE0K6601012,10,
DRSCARGO,DRS Cargo Movers Limited,SM,10-Apr-24,10,INE0QZM01018,10,
ALUWIND,ALUWIND INFRA-TECH LIMITED,SM,09-Apr-24,10,INE0STM01017,10,
CGRAPHICS,Creative Graphics Solutions India Limited,SM,09-Apr-24,10,INE0R7401011,10,
K2INFRA,K2 Infragen Limited,SM,08-Apr-24,10,INE0DEZ01013,10,
YASHOPTICS,Yash Optics & Lens Limited,SM,08-Apr-24,10,INE0TO601017,10,
TAC,TAC Infosec Limited,SM,05-Apr-24,10,INE0SOY01013,10,
RADIOWALLA,Radiowalla Network Limited,SM,05-Apr-24,10,INE430U01019,10,
TRUST,Trust Fintech Limited,SM,04-Apr-24,10,INE0SWN01019,10,
ASPIRE,Aspire & Innovative Advertising Limited,SM,03-Apr-24,10,INE0S7801010,10,
BLUEPEBBLE,Blue Pebble Limited,ST,03-Apr-24,10,INE0SAK01011,10,
NAMAN,Naman Industries Proxima Limited,SM,02-Apr-24,10,INE0RJM01010,10,
VISHWAS,Vishwas Agri Seeds Limited,SM,01-Apr-24,10,INE0S2E01016,10,
ENSER,Enser Communications Limited,ST,22-Mar-24,2,INE0R9I01021,2,
ENFUSE,Enfuse Solutions Limited,SM,22-Mar-24,10,INE0S3X01014,10,
AVPINFRA,AVP Infracon Limited,SM,20-Mar-24,10,INE0R9401019,10,
SIGNORIA,Signoria Creation Limited,SM,19-Mar-24,10,INE0RDE01010,10,
PRATHAM,Pratham EPC Projects Limited,SM,18-Mar-24,10,INE0QA601016,10,
SHREEKARNI,Shree Karni Fabcom Limited,SM,14-Mar-24,10,INE0S4Y01010,10,
SONAMAC,Sona Machinery Limited,ST,13-Mar-24,10,INE0Q6H01012,10,
VR,V R Infraspace Limited,SM,12-Mar-24,10,INE0QQM01017,10,
MVKAGRO,M.V.K. Agro Food Product Limited,SM,07-Mar-24,10,INE0SGC01015,10,
PURVFLEXI,Purv Flexipack Limited,ST,05-Mar-24,10,INE0R6C01012,10,
OWAIS,Owais Metal And Mineral Processing Limited,SM,04-Mar-24,10,INE0R8M01017,10,
SADHAV,Sadhav Shipping Limited,SM,01-Mar-24,10,INE0K5H01010,10,
DEEM,Deem Roll Tech Limited,SM,27-Feb-24,10,INE586O01011,10,
ZENITHDRUG,Zenith Drugs Limited,SM,27-Feb-24,10,INE0QWN01013,10,
ATMASTCO,Atmastco Limited,ST,23-Feb-24,10,INE05DH01017,10,
TCL,Thaai Casting Limited,SM,23-Feb-24,10,INE0QJL01014,10,
ESCONET,Esconet Technologies Limited,ST,23-Feb-24,10,INE0RQZ01017,10,
INM,Interiors & More Limited,SM,23-Feb-24,10,INE0OPC01015,10,
WTICAB,Wise Travel India Limited,SM,19-Feb-24,10,INE623Y01011,10,
POLYSIL,Polysil Irrigation Systems Limited,ST,16-Feb-24,10,INE517M01028,10,
ALPEXSOLAR,Alpex Solar Limited,SM,15-Feb-24,10,INE0R4701017,10,
ITALIANE,Italian Edibles Limited,ST,12-Feb-24,10,INE0R7R01018,10,
BAWEJA,Baweja Studios Limited,SM,06-Feb-24,10,INE0JFJ01011,10,
MEGATHERM,Megatherm Induction Limited,SM,05-Feb-24,10,INE531R01010,10,
FONEBOX,Fonebox Retail Limited,SM,02-Feb-24,10,INE0Q4701019,10,
DHTL,Docmode Health Technologies Limited,SM,02-Feb-24,10,INE0OGG01015,10,
DELAPLEX,Delaplex Limited,SM,02-Feb-24,10,INE0SK801018,10,
KONSTELEC,Konstelec Engineers Limited,ST,30-Jan-24,10,INE0QEI01011,10,
ADDICTIVE,Addictive Learning Technology Limited,SM,30-Jan-24,10,INE0RDH01021,10,
MAXPOSURE,Maxposure Limited,SM,23-Jan-24,10,INE0ECC01022,10,
APS,Australian Premium Solar (India) Limited,SM,18-Jan-24,10,INE0P0001010,10,
IBLFL,IBL Finance Limited,SM,16-Jan-24,10,INE0O7401018,10,
KLL,Kaushalya Logistics Limited,SM,08-Jan-24,10,INE0Q2V01012,10,
KCEIL,Kay Cee Energy & Infra Limited,ST,05-Jan-24,10,INE0RCG01017,10,
HRHNEXT,HRH Next Services Limited,SM,03-Jan-24,10,INE0R3501012,10,
AKANKSHA,Akanksha Power and Infrastructure Limited,ST,03-Jan-24,10,INE0PCY01014,10,
SAIFL,Sameera Agro And Infra Limited,SM,01-Jan-24,10,INE0PZA01015,10,
TECHLABS,Trident Techlabs Limited,ST,29-Dec-23,10,INE0QD201012,10,
SUPREMEPWR,Supreme Power Equipment Limited,ST,29-Dec-23,10,INE0QHG01026,10,
INDIFRA,Indifra Limited,SM,29-Dec-23,10,INE0PS301014,10,
EFORCE,Electro Force (India) Limited,ST,27-Dec-23,10,INE0Q1W01012,10,
SHREEOSFM,Shree OSFM E-Mobility Limited,SM,21-Dec-23,10,INE02S501018,10,
SJLOGISTIC,S J Logistics (India) Limited,SM,19-Dec-23,10,INE0F3301020,10,
PRESSTONIC,Presstonic Engineering Limited,ST,18-Dec-23,10,INE0R1601012,10,
ACCENTMIC,Accent Microcell Limited,SM,15-Dec-23,10,INE0Q5D01013,10,
GRAPHISAD,Graphisads Limited,ST,13-Dec-23,10,INE0POU01017,10,
SHEETAL,Sheetal Universal Limited,SM,11-Dec-23,10,INE04VX01019,10,
MARINETRAN,Marinetrans India Limited,SM,08-Dec-23,10,INE0P1P01017,10,
CBAZAAR,Net Avenue Technologies Limited,SM,08-Dec-23,1,INE518X01015,1,
ROCKINGDCE,Rockingdeals Circular Economy Limited,SM,30-Nov-23,10,INE0PTR01012,10,
SUNREST,Sunrest Lifescience Limited,SM,20-Nov-23,10,INE0PLZ01012,10,
ROXHITECH,Rox Hi Tech Limited,ST,16-Nov-23,10,INE0PDJ01013,10,
BABAFP,Baba Food Processing (India) Limited,SM,15-Nov-23,10,INE0QW501012,10,
MICROPRO,Micropro Software Solutions Limited,SM,10-Nov-23,10,INE0PZK01014,10,
SARTELE,Sar Televenture Limited,SM,08-Nov-23,2,INE0PUC01020,2,
MAITREYA,Maitreya Medicare Limited,SM,07-Nov-23,10,INE0PLQ01011,10,
TRANSTEEL,Transteel Seating Technologies Limited,SM,06-Nov-23,10,INE0NVI01020,10,
SHANTHALA,Shanthala FMCG Products Limited,SM,03-Nov-23,10,INE0Q9Q01017,10,
PARAGON,Paragon Fine and Speciality Chemical Limited,SM,03-Nov-23,10,INE0N4G01012,10,
ONDOOR,On Door Concepts Limited,ST,01-Nov-23,10,INE00ER01015,10,
RCDL,Rajgor Castor Derivatives Limited,SM,31-Oct-23,10,INE0BZQ01011,10,
WOMANCART,Womancart Limited,SM,27-Oct-23,10,INE0Q9601016,10,
ARVINDPORT,ARVIND PORT AND INFRA LIMITED,ST,25-Oct-23,10,INE0P4T01013,10,
COMMITTED,Committed Cargo Care Limited,ST,18-Oct-23,10,INE597Z01014,10,
PLADAINFO,Plada Infotech Services Limited,SM,13-Oct-23,10,INE0PXD01014,10,
KARNIKA,Karnika Industries Limited,SM,12-Oct-23,10,INE0MGA01012,10,
SCML,Sharp Chucks and Machines Limited,SM,12-Oct-23,10,INE460Q01014,10,
CANARYS,Canarys Automations Limited,SM,11-Oct-23,2,INE0QG301017,2,
GOYALSALT,Goyal Salt Limited,SM,11-Oct-23,10,INE0QFE01017,10,
OLIL,Oneclick Logistics India Limited,ST,11-Oct-23,10,INE0OPS01011,10,
KONTOR,Kontor Space Limited,SM,10-Oct-23,10,INE0KZ301010,10,
VISHNUINFR,Vishnusurya Projects and Infra Limited,SM,10-Oct-23,10,INE0PQ001012,10,
ARABIAN,Arabian Petroleum Limited,SM,09-Oct-23,10,INE08NJ01024,10,
EFACTOR,E Factor Experiences Limited,SM,09-Oct-23,10,INE0KFF01017,10,
VINYAS,Vinyas Innovative Technologies Limited,SM,06-Oct-23,10,INE0OLS01010,10,
NEWJAISA,Newjaisa Technologies Limited,ST,05-Oct-23,5,INE0PW501021,5,
INSPIRE,Inspire Films Limited,ST,05-Oct-23,10,INE0NDX01019,10,
DIGIKORE,Digikore Studios Limited,SM,04-Oct-23,10,INE0QJ901011,10,
MAL,Mangalam Alloys Limited,SM,04-Oct-23,10,INE00C401011,10,
SAAKSHI,Saakshi Medtech and Panels Limited,SM,03-Oct-23,10,INE0PSK01027,10,
MASTER,Master Components Limited,SM,29-Sep-23,10,INE0OJM01017,10,
MARCO,Marco Cables & Conductors Limited,SM,28-Sep-23,10,INE0QP001012,10,
HIGREEN,Hi-Green Carbon Limited,SM,28-Sep-23,10,INE0PIC01017,10,
CELLECOR,Cellecor Gadgets Limited,ST,28-Sep-23,1,INE0OMO01025,1,
KODYTECH,Kody Technolab Limited,ST,27-Sep-23,10,INE0Q7P01013,10,
MADHUSUDAN,Madhusudan Masala Limited,SM,26-Sep-23,10,INE0P6701019,10,
KEL,Kundan Edifice Limited,SM,26-Sep-23,10,INE0OWX01025,10,
CHAVDA,Chavda Infra Limited,SM,25-Sep-23,10,INE0PT101017,10,
HOLMARC,Holmarc Opto-Mechatronics Limited,SM,25-Sep-23,10,INE0LXA01019,10,
UNIHEALTH,Unihealth Hospitals Limited,ST,21-Sep-23,10,INE0PRF01011,10,
JIWANRAM,Jiwanram Sheoduttrai Industries Limited,SM,18-Sep-23,10,INE0N5H01017,10,
SAROJA,Saroja Pharma Industries India Limited,SM,13-Sep-23,10,INE0PCL01011,10,
PRAMARA,Pramara Promotions Limited,SM,13-Sep-23,10,INE0O7A01017,10,
BASILIC,Basilic Fly Studio Limited,SM,11-Sep-23,10,INE0OCC01013,10,
MONOPHARMA,Mono Pharmacare Limited,SM,07-Sep-23,10,INE0OIP01012,10,
CPS,C P S Shapers Limited,SM,07-Sep-23,10,INE0QBU01012,10,
SEL,Sungarner Energies Limited,ST,31-Aug-23,10,INE0O3O01017,10,
CLSL,Crop Life Science Limited,SM,30-Aug-23,10,INE00NH01017,10,
SSFL,Srivari Spices And Foods Limited,SM,18-Aug-23,10,INE0ON201012,10,
YUDIZ,Yudiz Solutions Limited,ST,17-Aug-23,10,INE09FA01019,10,
SANGANI,Sangani Hospitals Limited,SM,17-Aug-23,10,INE0OVI01010,10,
ORIANA,Oriana Power Limited,SM,11-Aug-23,10,INE0OUT01019,10,
VINSYS,Vinsys IT Services India Limited,SM,11-Aug-23,10,INE0OSJ01014,10,
ZEAL,Zeal Global Services Limited,SM,09-Aug-23,10,INE0PPS01018,10,
SHRITECH,Shri Techtex Limited,SM,04-Aug-23,10,INE0OMF01015,10,
YCCL,Yasons Chemex Care Limited,SM,03-Aug-23,10,INE08S201019,10,
SERVICE,Service Care Limited,ST,26-Jul-23,10,INE0P1Q01015,10,
DRONE,Drone Destination Limited,ST,21-Jul-23,10,INE0P7201019,10,
TRIDHYA,Tridhya Tech Limited,SM,13-Jul-23,10,INE0LWY01029,10,
SYNOPTICS,Synoptics Technologies Limited,SM,13-Jul-23,10,INE0BTR01012,10,
GLOBALPET,Global Pet Industries Limited,SM,10-Jul-23,10,INE0PS501019,10,
PENTAGON,Pentagon Rubber Limited,SM,07-Jul-23,10,INE0ORS01017,10,
MAGSON,Magson Retail And Distribution Limited,ST,06-Jul-23,10,INE0O1S01012,10,
ESFL,Essen Speciality Films Limited,ST,06-Jul-23,10,INE0ITO01014,10,
GREENCHEF,Greenchef Appliances Limited,SM,06-Jul-23,10,INE0O7P01015,10,
AATMAJ,Aatmaj Healthcare Limited,SM,30-Jun-23,5,INE0OB201016,5,
VILINBIO,Vilin Bio Med Limited,ST,30-Jun-23,10,INE0L4V01013,10,
CELLPOINT,Cell Point (India) Limited,SM,28-Jun-23,10,INE0O0001013,10,
URBAN,Urban Enviro Waste Management Limited,SM,22-Jun-23,10,INE0O0201019,10,
SPECTSTM,Spectrum Talent Management Limited,ST,22-Jun-23,10,INE0OL001018,10,
KDL,Kore Digital Limited,SM,14-Jun-23,10,INE0O4R01018,10,
SAHANA,Sahana System Limited,SM,12-Jun-23,10,INE0LEX01011,10,
INFOLLION,Infollion Research Services Limited,SM,08-Jun-23,10,INE0NNZ01013,10,
PROV,Proventus Agrocom Limited,SM,05-Jun-23,10,INE0ONE01016,10,
DENTALKART,Vasa Denticity Limited,SM,02-Jun-23,10,INE0N5801013,10,
CRAYONS,Crayons Advertising Limited,SM,02-Jun-23,10,INE0OFK01019,10,
REMUS,Remus Pharmaceuticals Limited,SM,29-May-23,10,INE0O5T01011,10,
KRISHCA,Krishca Strapping Solutions Limited,SM,26-May-23,10,INE0NR701018,10,
AUROIMPEX,Auro Impex  & Chemicals Limited,SM,23-May-23,10,INE0NUL01018,10,
DENEERS,De Neers Tools Limited,ST,11-May-23,10,INE0JWV01011,10,
QUICKTOUCH,Quicktouch Technologies Limited,SM,02-May-23,10,INE0K4D01020,10,
AGUL,A G Universal Limited,SM,24-Apr-23,10,INE0O6N01012,10,
PATTECH,Pattech Fitwell Tube Components Limited,SM,21-Apr-23,10,INE0NZW01014,10,
MOS,Mos Utility Limited,SM,18-Apr-23,2,INE0N7S01028,2,
INFINIUM,Infinium Pharmachem Limited,SM,17-Apr-23,10,INE0MRE01011,10,
SOTAC,Sotac Pharmaceuticals Limited,SM,13-Apr-23,10,INE0O2D01012,10,
NIRMAN,Nirman Agri Genetics Limited,ST,28-Mar-23,10,INE0OK701014,10,
QFIL,Quality Foils (India) Limited,SM,24-Mar-23,10,INE0O1M01015,10,
VELS,Vels Film International Limited,SM,22-Mar-23,10,INE0I3H01019,10,
MCON,Mcon Rasayan India Limited,SM,20-Mar-23,10,INE0O4M01019,10,
SYSTANGO,Systango Technologies Limited,SM,15-Mar-23,10,INE0O7R01011,10,
VERTEXPLUS,Vertexplus Technologies Limited,SM,15-Mar-23,10,INE0NLB01018,10,
SRIVASAVI,Srivasavi Adhesive Tapes Limited,SM,09-Mar-23,10,INE0NPI01014,10,
VIAZ,Viaz Tyres Limited,SM,01-Mar-23,10,INE0MO401019,10,
AGARWALFT,Agarwal Float Glass India Limited,ST,23-Feb-23,10,INE0MLA01012,10,
LRRPL,Lead Reclaim And Rubber Products Limited,SM,21-Feb-23,10,INE0H4B01011,10,
SHERA,Shera Energy Limited,SM,17-Feb-23,10,INE0MM001019,10,
GRCL,Gayatri Rubbers And Chemicals Limited,SM,07-Feb-23,10,INE0LVM01018,10,
ARISTO,Aristo Bio-Tech And Lifescience Limited,SM,30-Jan-23,10,INE082101010,10,
DUCOL,Ducol Organics And Colours Limited,SM,19-Jan-23,10,INE0LZO01015,10,
CMNL,Chaman Metallics Limited,SM,16-Jan-23,10,INE06PV01010,10,
ANLON,Anlon Technology Solutions Limited,ST,10-Jan-23,10,INE0LR101013,10,
RBMINFRA,Rbm Infracon Limited,SM,04-Jan-23,10,INE0NA301016,10,
HOMESFY,Homesfy Realty Limited,SM,02-Jan-23,10,INE0N7F01017,10,
MOXSH,Moxsh Overseas Educon Limited,ST,30-Dec-22,10,INE0N6D01014,10,
ARIHANTACA,Arihant Academy Limited,SM,29-Dec-22,10,INE0NCC01015,10,
UMA,Uma Converter Limited,SM,29-Dec-22,10,INE067901012,10,
DOLLEX,Dollex Agrotech Limited,SM,28-Dec-22,10,INE0JHH01011,10,
ALLETEC,All E Technologies Limited,SM,21-Dec-22,10,INE0M2X01012,10,
ARHAM,Arham Technologies Limited,SM,15-Dec-22,10,INE0L2Y01011,10,
BAHETI,Baheti Recycling Industries Limited,SM,08-Dec-22,10,INE029Q01017,10,
PRITIKA,Pritika Engineering Components Limited,SM,08-Dec-22,5,INE0MJQ01020,5,
AMIABLE,Amiable Logistics (India) Limited,SM,16-Nov-22,10,INE0MTP01013,10,
IPSL,Integrated Personnel Services Limited,SM,11-Nov-22,10,INE02EE01019,10,
RITEZONE,Rite Zone Chemcon India Limited,ST,11-Nov-22,10,INE0MRA01019,10,
PHANTOMFX,Phantom Digital Effects Limited,SM,21-Oct-22,10,INE0MLZ01019,10,
FROG,Frog Innovations Limited,ST,13-Oct-22,10,INE385O01018,10,
SWASTIK,Swastik Pipe Limited,ST,12-Oct-22,10,INE0DGC01025,10,
LLOYDS,Lloyds Luxuries Limited,ST,11-Oct-22,10,INE0DTQ01028,10,
QMSMEDI,QMS Medical Allied Services Limited,SM,11-Oct-22,10,INE0FMW01018,10,
CMRSL,Cyber Media Research & Services Limited,SM,10-Oct-22,10,INE075Z01011,10,
KANDARP,Kandarp Digi Smart BPO Limited,SM,28-Sep-22,10,INE0MOT01016,10,
MAKS,Maks Energy Solutions India Limited,SM,28-Sep-22,10,INE0CDK01019,10,
ANNAPURNA,Annapurna Swadisht Limited,SM,27-Sep-22,10,INE0MGM01017,10,
ISHAN,Ishan International Limited,ST,22-Sep-22,1,INE0LCW01025,1,
TAPIFRUIT,Tapi Fruit Processing Limited,SM,22-Sep-22,10,INE0M7001010,10,
SABAR,Sabar Flex India Limited,ST,21-Sep-22,10,INE0DZ101013,10,
MEGAFLEX,Mega Flex Plastics Limited,ST,19-Sep-22,10,INE0G1D01014,10,
VIVIANA,Viviana Power Tech Limited,SM,16-Sep-22,10,INE0MEG01014,10,
KORE,Jay Jalaram Technologies Limited,SM,08-Sep-22,10,INE0J6801010,10,
AMEYA,Ameya Precision Engineers Limited,SM,08-Sep-22,10,INE0KT901015,10,
JFLLIFE,Jfl Life Sciences Limited,SM,08-Sep-22,10,INE0LA901015,10,
VEEKAYEM,Veekayem Fashion and Apparels Limited,ST,22-Aug-22,10,INE0KTW01013,10,
USASEEDS,Upsurge Seeds Of Agriculture Limited,SM,11-Aug-22,10,INE0CBM01019,10,
AGNI,Agni Green Power Limited,SM,01-Aug-22,10,INE0LF301013,10,
SKP,SKP Bearing Industries Limited,SM,13-Jul-22,10,INE0KZA01016,10,
KCK,Kck Industries Limited,SM,08-Jul-22,2,INE0J1E01027,2,
FIDEL,Fidel Softech Limited,SM,10-Jun-22,10,INE0LQQ01019,10,
RILINFRA,Rachana Infrastructure Limited,SM,10-Jun-22,10,INE02OY01016,10,
GSTL,Globesecure Technologies Limited,ST,02-Jun-22,10,INE00WS01056,10,
SONUINFRA,Sonu Infratech Limited,SM,13-May-22,10,INE0JZA01018,10,
PROPEQUITY,P. E. Analytics Limited,SM,04-Apr-22,10,INE0KN801013,10,
SWARAJ,Swaraj Suiting Limited,SM,28-Mar-22,10,INE0GMR01016,10,
COOLCAPS,Cool Caps Industries Limited,SM,24-Mar-22,2,INE0HS001028,2,
SPRL,Sp Refractories Limited,SM,22-Mar-22,10,INE0JW501011,10,
SHIGAN,Shigan Quantum Technologies Limited,ST,11-Mar-22,10,INE03KJ01013,10,
MADHAVBAUG,Vaidya Sane Ayurved Laboratories Limited,SM,23-Feb-22,10,INE0JR301013,10,
RICHA,Richa Info Systems Limited,SM,21-Feb-22,10,INE0J1P01015,10,
PRECISION,Precision Metaliks Limited,SM,01-Feb-22,10,INE0HKW01018,10,
TIMESCAN,Timescan Logistics (India) Limited,SM,12-Jan-22,10,INE0IJY01014,10,
VIVO,Vivo Collaboration Solutions Limited,SM,31-Dec-21,10,INE0IA701014,10,
FOCE,Foce India Limited,SM,28-Dec-21,10,INE0I7D01019,10,
NIDAN,Nidan Laboratories and Healthcare Limited,SM,12-Nov-21,10,INE0J6L01013,10,
DKEGL,D.K. Enterprises Global Limited,SM,22-Oct-21,10,INE0GN101014,10,
DYNAMIC,Dynamic Services & Security Limited,SM,13-Oct-21,10,INE0DZ701010,10,
DESTINY,Destiny Logistics & Infra Limited,SM,13-Oct-21,10,INE0IGO01011,10,
BMETRICS,Bombay Metrics Supply Chain Limited,SM,12-Oct-21,10,INE0I3Y01014,10,
JAINAM,Jainam Ferro Alloys (I) Limited,SM,08-Oct-21,10,INE02KC01010,10,
QUADPRO,Quadpro Ites Limited,SM,30-Sep-21,2,INE0GOJ01027,2,
BEWLTD,BEW Engineering Limited,SM,16-Sep-21,10,INE0HQI01014,10,
DUGLOBAL,DUDIGITAL GLOBAL LIMITED,ST,26-Aug-21,2,INE0HPK01020,2,
REXPIPES,Rex Pipes And Cables Industries Limited,SM,10-Aug-21,10,INE00D001018,10,
WALPAR,Walpar Nutritions Limited,SM,13-Jul-21,10,INE0G2G01015,10,
AILIMITED,Abhishek Integrations Limited,ST,21-Jun-21,10,INE0CAJ01017,10,
VMARCIND,V Marc India Limited,SM,09-Apr-21,10,INE0GXK01018,10,
SIDDHIKA,Siddhika Coatings Limited,SM,07-Apr-21,10,INE0A1E01018,10,
PARTYCRUS,Party Cruisers Limited,SM,05-Mar-21,10,INE06ZX01015,10,
ASCOM,Ascom Leasing & Investments Limited,ST,06-Dec-19,10,INE08KD01015,10,
GOLDKART,Goldkart Jewels Limited,SM,15-Oct-19,10,INE06MH01016,10,
KHFM,Khfm Hospitality And Facility Management Services Limited,SM,12-Apr-19,10,INE00UG01014,10,
MINDPOOL,Mindpool Technologies Limited,SM,28-Feb-19,10,INE00RQ01019,10,
SURANI,Surani Steel Tubes Limited,ST,06-Feb-19,10,INE01ZJ01015,10,
DRSDILIP,DRS Dilip Roadlines Limited,ST,10-Dec-18,10,INE02CV01017,10,
SHUBHLAXMI,Shubhlaxmi Jewel Art Limited,SM,04-Dec-18,10,INE01Z401013,10,
UWCSL,Ultra Wiring Connectivity System Limited,SM,26-Oct-18,10,INE00F301010,10,
PARIN,Parin Enterprises Limited,SM,09-Oct-18,10,INE00U801010,10,
UCL,Ushanti Colour Chem Limited,ST,02-Aug-18,10,INE00NI01015,10,
AMBANIORGO,AMBANI ORGOCHEM LIMITED,ST,18-Jul-18,10,INE00C501018,10,
JAKHARIA,JAKHARIA FABRIC LIMITED,ST,11-Jul-18,10,INE00N401018,10,
MAHICKRA,Mahickra Chemicals Limited,ST,26-Apr-18,10,INE961Y01015,10,
VERA,Vera Synthetic Limited,SM,12-Apr-18,10,INE709Z01015,10,
CONTI,Continental Seeds and Chemicals Limited,SM,04-Apr-18,10,INE340Z01019,10,
GIRIRAJ,Giriraj Civil Developers Limited,ST,02-Apr-18,10,INE614Z01017,10,
MDL,Marvel Decor Limited,SM,23-Mar-18,10,INE575Z01010,10,
MHHL,Mohini Health & Hygiene Limited,SM,16-Feb-18,10,INE450S01011,10,
PARAMPARA,PARAMPARA DAIRY DELIGHTS LIMITED,ST,12-Feb-18,10,INE749Y01014,10,
VASA,Vasa Retail and Overseas Ltd,SM,06-Feb-18,10,INE068Z01016,10,
SMVD,SMVD Poly Pack Limited,ST,26-Dec-17,10,INE702Y01013,10,
FELIX,Felix Industries Limited,SM,05-Dec-17,10,INE901X01013,10,
PULZ,Pulz Electronics Limited,SM,24-Nov-17,10,INE335X01014,10,
AISL,ANI Integrated Services Limited,SM,20-Nov-17,10,INE635Y01015,10,
MILTON,Milton Industries Limited,SM,16-Oct-17,10,INE376Y01016,10,
OMFURN,Omfurn India Limited,ST,13-Oct-17,10,INE338Y01016,10,
GOLDSTAR,Goldstar Power Limited,ST,10-Oct-17,1,INE405Y01021,1,
TIRUPATI,Shree Tirupati Balajee FIBC Limited,SM,05-Oct-17,10,INE238Y01018,10,
CADSYS,Cadsys (India) Limited,ST,04-Oct-17,10,INE090Y01013,10,
MPTODAY,Madhya Pradesh Today Media Limited,SM,29-Sep-17,10,INE105Y01019,10,
MANAV,Manav Infra Projects Limited,ST,18-Sep-17,10,INE104Y01012,10,
TRANSWIND,Transwind Infrastructures Limited,SM,12-Jul-17,10,INE792X01016,10,
ACCORD,Accord Synergy Limited,ST,06-Jul-17,10,INE113X01015,10,
VSCL,Vadivarhe Speciality Chemicals Limited,SM,02-Jun-17,10,INE551Q01028,10,
JALAN,Jalan Transolutions (India) Limited,SM,31-May-17,10,INE349X01015,10,
AVATAR,AVATAR Industries Limited,ST,18-Apr-17,10,INE617I01024,10,
PROLIFE,Prolife Industries Limited,SM,09-Jan-17,10,INE994V01012,10,
DIRL,Dhanuka Infra Realty Limited,SM,18-Oct-16,10,INE704V01015,10,
ALCODIS,Alcokraft Distilleries Limited,ST,17-Oct-16,10,INE448V01019,10,
GRETEX,Gretex Industries Limited,ST,14-Oct-16,10,INE985P01012,10,
JETKNIT,Jet Knitwears Limited,ST,07-Oct-16,10,INE564T01017,10,
AVSL,AVSL Industries Limited,ST,06-Oct-16,10,INE522V01011,10,
KKVAPOW,KKV Agro Powers Limited,SM,15-Jul-16,10,INE239T01016,10,
AHIMSA,Ahimsa Industries Limited,ST,15-Oct-15,10,INE136T01014,10,
SHAIVAL,Shaival Reality Limited,ST,01-Oct-15,10,INE262S01010,10,
EMKAYTOOLS,Emkay Taps and Cutting Tools Limited,SM,13-Aug-15,10,INE332S01011,10,
